SCHOOL_ID,YEAR,COUNTY,SCHOOL_NAME,SCHOOL_TYPE,GRADE,FRL_PERCENT,FRL_COUNT,ENROLLED,TOTAL_STUDENTS,DISTRICT_ID,DIST_KEY,CHRONIC_ABSENT_RATE
10018001,2018-19,ADAMS,HASTINGS SENIOR HIGH SCHOOL,HIGH SCHOOL                   ,09-12,0.5435,568,1045,1045,10018001,10018,0.128
10018002,2018-19,ADAMS,HASTINGS MIDDLE SCHOOL,MIDDLE SCHOOL                 ,06-08,0.6294,479,761,761,10018002,10018,0.128
10018003,2018-19,ADAMS,ALCOTT ELEMENTARY SCHOOL,ELEMENTARY                    ,PK-05,0.7436,261,351,351,10018003,10018,0.128
10018004,2018-19,ADAMS,HAWTHORNE ELEMENTARY SCHOOL,ELEMENTARY                    ,PK-05,0.5,199,398,398,10018004,10018,0.128
10018005,2018-19,ADAMS,LINCOLN ELEMENTARY SCHOOL,ELEMENTARY                    ,PK-05,0.9085,298,328,328,10018005,10018,0.128
10018006,2018-19,ADAMS,LONGFELLOW ELEMENTARY SCHOOL,ELEMENTARY                    ,PK-05,0.6173,200,324,324,10018006,10018,0.128
10018008,2018-19,ADAMS,RAYMOND A WATSON ELEM SCHOOL,ELEMENTARY                    ,K -05,0.5385,217,403,403,10018008,10018,0.128
10090001,2018-19,ADAMS,ADAMS CENTRAL JR-SR HIGH SCH,SECONDARY                     ,07-12,0.2146,97,452,452,10090001,10090,0.0562
10090007,2018-19,ADAMS,ADAMS CENTRAL ELEMENTARY SCHOOL,ELEMENTARY                    ,K -06,0.25,114,456,456,10090007,10090,0.0562
10090008,2018-19,ADAMS,ADAMS CENTRAL EARLY CHILDHOOD CENTER,PREK ONLY                     ,PK-PK,0.1753,17,97,97,10090008,10090,0.0562
10123001,2018-19,ADAMS,SILVER LAKE HIGH SCHOOL,SECONDARY                     ,07-12,0.4409,41,93,93,10123001,10123,0.0521
10123002,2018-19,ADAMS,SILVER LAKE ELEM SCH-BLADEN,ELEMENTARY                    ,PK-06,0.474,73,154,154,10123002,10123,0.0521
20009001,2018-19,ANTELOPE,NELIGH-OAKDALE HIGH SCHOOL,SECONDARY                     ,07-12,0.4063,65,160,160,20009001,20009,0.0833
20009004,2018-19,ANTELOPE,WESTWARD ELEMENTARY SCHOOL,ELEMENTARY                    ,PK-02,0.3667,44,120,120,20009004,20009,0.0833
20009005,2018-19,ANTELOPE,EASTWARD ELEMENTARY SCHOOL,ELEMENTARY                    ,03-06,0.56,56,100,100,20009005,20009,0.0833
20018001,2018-19,ANTELOPE,ELGIN HIGH SCHOOL,SECONDARY                     ,07-12,0.4706,24,51,51,20018001,20018,0.087
20018002,2018-19,ANTELOPE,ELGIN ELEMENTARY SCHOOL,ELEMENTARY                    ,PK-06,0.4153,49,118,118,20018002,20018,0.087
22001001,2018-19,ANTELOPE,CLEARWATER HIGH SCHOOL,SECONDARY                     ,07-12,0.4143,29,70,70,22001001,22001,0.0456
22001002,2018-19,ANTELOPE,CLEARWATER ELEMENTARY SCHOOL,ELEMENTARY                    ,PK-06,0.4368,38,87,87,22001002,22001,0.0456
22001003,2018-19,ANTELOPE,ORCHARD HIGH SCHOOL,SECONDARY                     ,07-12,0.5,25,50,50,22001003,22001,0.0456
22001004,2018-19,ANTELOPE,ORCHARD ELEMENTARY SCHOOL,ELEMENTARY                    ,PK-06,0.5116,44,86,86,22001004,22001,0.0456
22001006,2018-19,ANTELOPE,VERDIGRE ELEMENTARY SCHOOL,ELEMENTARY                    ,PK-06,0.4886,43,88,88,22001006,22001,0.0456
22001009,2018-19,ANTELOPE,VERDIGRE HIGH SCHOOL,SECONDARY                     ,07-12,0.386,22,57,57,22001009,22001,0.0456
30500001,2018-19,ARTHUR,ARTHUR COUNTY HIGH SCHOOL,SECONDARY                     ,07-12,*,*,54,54,30500001,30500,0.0887
30500002,2018-19,ARTHUR,ARTHUR COUNTY ELEMENTARY SCHOOL,ELEMENTARY                    ,K -06,*,*,71,71,30500002,30500,0.0887
40001001,2018-19,BANNER,BANNER COUNTY HIGH SCHOOL,SECONDARY                     ,07-12,0.4583,22,48,48,40001001,40001,0.0833
40001002,2018-19,BANNER,BANNER COUNTY ELEMENTARY SCHOOL,ELEMENTARY                    ,PK-06,0.6543,53,81,81,40001002,40001,0.0833
60001001,2018-19,BOONE,BOONE CENTRAL HIGH SCHOOL,HIGH SCHOOL                   ,09-12,0.2476,51,206,206,60001001,60001,0.0664
60001002,2018-19,BOONE,BOONE CENTRAL ELEM-ALBION,ELEMENTARY                    ,PK-05,0.3717,113,304,304,60001002,60001,0.0664
60001004,2018-19,BOONE,BOONE CENTRAL MIDDLE SCHOOL,MIDDLE SCHOOL                 ,06-08,0.3534,41,116,116,60001004,60001,0.0664
60075001,2018-19,BOONE,RIVERSIDE HIGH SCHOOL,HIGH SCHOOL                   ,09-12,0.4364,24,55,55,60075001,60075,0.0725
60075002,2018-19,BOONE,RIVERSIDE MIDDLE SCHOOL,MIDDLE SCHOOL                 ,06-08,0.5455,30,55,55,60075002,60075,0.0725
60075003,2018-19,BOONE,RIVERSIDE ELEMENTARY - CEDAR RAPIDS,ELEMENTARY                    ,PK-05,0.5974,46,77,77,60075003,60075,0.0725
60075004,2018-19,BOONE,RIVERSIDE ELEMENTARY - SPALDING,ELEMENTARY                    ,PK-05,0.5094,27,53,53,60075004,60075,0.0725
70010001,2018-19,BOX BUTTE,HEMINGFORD HIGH SCHOOL,SECONDARY                     ,07-12,0.3676,68,185,185,70010001,70010,0.0591
70010002,2018-19,BOX BUTTE,HEMINGFORD ELEMENTARY SCHOOL,ELEMENTARY                    ,PK-06,0.4167,110,264,264,70010002,70010,0.0591
80051001,2018-19,BOYD,BOYD COUNTY HIGH SCHOOL (SPENCER),HIGH SCHOOL                   ,09-12,0.5794,62,107,107,80051001,80051,0.0619
80051002,2018-19,BOYD,BOYD COUNTY MIDDLE SCHOOL (SPENCER),MIDDLE SCHOOL                 ,05-08,0.6628,57,86,86,80051002,80051,0.0619
80051003,2018-19,BOYD,BOYD COUNTY ELEMENTARY (BUTTE),ELEMENTARY                    ,PK-04,0.5289,64,121,121,80051003,80051,0.0619
80051004,2018-19,BOYD,BOYD COUNTY ELEMENTARY (LYNCH),ELEMENTARY                    ,PK-04,0.8276,24,29,29,80051004,80051,0.0619
90010001,2018-19,BROWN,AINSWORTH HIGH SCHOOL,HIGH SCHOOL                   ,09-12,0.3459,46,133,133,90010001,90010,0.0357
90010002,2018-19,BROWN,AINSWORTH ELEMENTARY SCHOOL,ELEMENTARY                    ,K -04,0.5034,73,145,145,90010002,90010,0.0357
90010003,2018-19,BROWN,AINSWORTH MIDDLE SCHOOL,MIDDLE SCHOOL                 ,05-08,0.5263,60,114,114,90010003,90010,0.0357
90010011,2018-19,BROWN,AINSWORTH LITTLE PAWS PRESCHOOL,PREK ONLY                     ,PK-PK,0.5405,20,37,37,90010011,90010,0.0357
220011001,2018-19,DAKOTA,SOUTH SIOUX HIGH SCHOOL,HIGH SCHOOL                   ,09-12,0.6333,753,1189,1189,22001100,22001,0.0456
220011003,2018-19,DAKOTA,SOUTH SIOUX CITY MIDDLE SCHOOL,MIDDLE SCHOOL                 ,06-08,0.6597,533,808,808,22001100,22001,0.0456
220011004,2018-19,DAKOTA,E N SWETT ELEMENTARY SCHOOL,ELEMENTARY                    ,PK-K ,0.6208,167,269,269,22001100,22001,0.0456
220011005,2018-19,DAKOTA,HARNEY ELEMENTARY SCHOOL,ELEMENTARY                    ,K -05,0.9433,333,353,353,22001100,22001,0.0456
220011006,2018-19,DAKOTA,LEWIS & CLARK ELEMENTARY SCH,ELEMENTARY                    ,K -05,0.8694,213,245,245,22001100,22001,0.0456
220011007,2018-19,DAKOTA,DAKOTA CITY ELEMENTARY SCHOOL,ELEMENTARY                    ,K -05,0.7092,139,196,196,22001100,22001,0.0456
220011008,2018-19,DAKOTA,CARDINAL ELEMENTARY SCHOOL,ELEMENTARY                    ,PK-05,0.5343,226,423,423,22001100,22001,0.0456
220011011,2018-19,DAKOTA,COVINGTON ELEMENTARY SCHOOL,ELEMENTARY                    ,01-05,0.7435,284,382,382,22001101,22001,0.0456
10018001,2019-20,ADAMS,HASTINGS SENIOR HIGH SCHOOL,HIGH SCHOOL                   ,09-12,0.5747,627,1091,1091,10018001,10018,0.1315
10018002,2019-20,ADAMS,HASTINGS MIDDLE SCHOOL,MIDDLE SCHOOL                 ,06-08,0.6443,489,759,759,10018002,10018,0.1315
10018003,2019-20,ADAMS,ALCOTT ELEMENTARY SCHOOL,ELEMENTARY                    ,PK-05,0.75,246,328,328,10018003,10018,0.1315
10018004,2019-20,ADAMS,HAWTHORNE ELEMENTARY SCHOOL,ELEMENTARY                    ,PK-05,0.5288,211,399,399,10018004,10018,0.1315
10018005,2019-20,ADAMS,LINCOLN ELEMENTARY SCHOOL,ELEMENTARY                    ,PK-05,0.8692,299,344,344,10018005,10018,0.1315
10018006,2019-20,ADAMS,LONGFELLOW ELEMENTARY SCHOOL,ELEMENTARY                    ,K -05,0.6313,202,320,320,10018006,10018,0.1315
10018008,2019-20,ADAMS,RAYMOND A WATSON ELEM SCHOOL,ELEMENTARY                    ,K -05,0.5239,208,397,397,10018008,10018,0.1315
10090001,2019-20,ADAMS,ADAMS CENTRAL JR-SR HIGH SCH,SECONDARY                     ,07-12,0.1986,87,438,438,10090001,10090,0.0548
10090007,2019-20,ADAMS,ADAMS CENTRAL ELEMENTARY SCHOOL,ELEMENTARY                    ,K -06,0.2434,111,456,456,10090007,10090,0.0548
10090008,2019-20,ADAMS,ADAMS CENTRAL EARLY CHILDHOOD CENTER,PREK ONLY                     ,PK-PK,0.1842,14,76,76,10090008,10090,0.0548
20009001,2019-20,ANTELOPE,NELIGH-OAKDALE HIGH SCHOOL,SECONDARY                     ,07-12,0.4276,65,152,152,20009001,20009,0.0946
20009004,2019-20,ANTELOPE,WESTWARD ELEMENTARY SCHOOL,ELEMENTARY                    ,PK-02,0.3415,42,123,123,20009004,20009,0.0946
20009005,2019-20,ANTELOPE,EASTWARD ELEMENTARY SCHOOL,ELEMENTARY                    ,03-06,0.5391,62,115,115,20009005,20009,0.0946
22001001,2019-20,ANTELOPE,CLEARWATER HIGH SCHOOL,SECONDARY                     ,07-12,0.4507,32,71,71,22001001,22001,0.0716
22001002,2019-20,ANTELOPE,CLEARWATER ELEMENTARY SCHOOL,ELEMENTARY                    ,PK-06,0.3494,29,83,83,22001002,22001,0.0716
22001003,2019-20,ANTELOPE,ORCHARD HIGH SCHOOL,SECONDARY                     ,07-12,0.5,27,54,54,22001003,22001,0.0716
22001004,2019-20,ANTELOPE,ORCHARD ELEMENTARY SCHOOL,ELEMENTARY                    ,PK-06,0.3816,29,76,76,22001004,22001,0.0716
22001006,2019-20,ANTELOPE,VERDIGRE ELEMENTARY SCHOOL,ELEMENTARY                    ,PK-06,0.5176,44,85,85,22001006,22001,0.0716
22001009,2019-20,ANTELOPE,VERDIGRE HIGH SCHOOL,SECONDARY                     ,07-12,0.541,33,61,61,22001009,22001,0.0716
40001001,2019-20,BANNER,BANNER COUNTY HIGH SCHOOL,SECONDARY                     ,09-12,0.7333,22,30,30,40001001,40001,0.1
40001002,2019-20,BANNER,BANNER COUNTY ELEMENTARY SCHOOL,ELEMENTARY                    ,PK-05,0.7432,55,74,74,40001002,40001,0.1
40001003,2019-20,BANNER,BANNER COUNTY MIDDLE SCHOOL,MIDDLE SCHOOL                 ,06-08,0.7692,20,26,26,40001003,40001,0.1
60001001,2019-20,BOONE,BOONE CENTRAL HIGH SCHOOL,HIGH SCHOOL                   ,09-12,0.3043,63,207,207,60001001,60001,0.0506
60001002,2019-20,BOONE,BOONE CENTRAL ELEM-ALBION,ELEMENTARY                    ,PK-05,0.3494,109,312,312,60001002,60001,0.0506
60001004,2019-20,BOONE,BOONE CENTRAL MIDDLE SCHOOL,MIDDLE SCHOOL                 ,06-08,0.4037,44,109,109,60001004,60001,0.0506
60017001,2019-20,BOONE,ST EDWARD HIGH SCHOOL,SECONDARY                     ,07-12,0.5385,42,78,78,60017001,60017,0.1497
60017002,2019-20,BOONE,ST EDWARD ELEMENTARY SCHOOL,ELEMENTARY                    ,PK-06,0.596,59,99,99,60017002,60017,0.1497
60075001,2019-20,BOONE,RIVERSIDE HIGH SCHOOL,HIGH SCHOOL                   ,09-12,0.5,29,58,58,60075001,60075,0.0845
60075002,2019-20,BOONE,RIVERSIDE MIDDLE SCHOOL,MIDDLE SCHOOL                 ,06-08,0.5455,30,55,55,60075002,60075,0.0845
60075003,2019-20,BOONE,RIVERSIDE ELEMENTARY - CEDAR RAPIDS,ELEMENTARY                    ,PK-05,0.6667,56,84,84,60075003,60075,0.0845
60075004,2019-20,BOONE,RIVERSIDE ELEMENTARY - SPALDING,ELEMENTARY                    ,PK-05,0.3922,20,51,51,60075004,60075,0.0845
70006001,2019-20,BOX BUTTE,ALLIANCE HIGH SCHOOL,HIGH SCHOOL                   ,09-12,0.5,247,494,494,70006001,70006,0.3289
70006002,2019-20,BOX BUTTE,ALLIANCE MIDDLE SCHOOL,MIDDLE SCHOOL                 ,06-08,0.5699,163,286,286,70006002,70006,0.3289
70006004,2019-20,BOX BUTTE,EMERSON ELEMENTARY SCHOOL,ELEMENTARY                    ,K -02,0.6429,189,294,294,70006004,70006,0.3289
70006005,2019-20,BOX BUTTE,GRANDVIEW ELEMENTARY SCHOOL,ELEMENTARY                    ,03-05,0.6042,174,288,288,70006005,70006,0.3289
70006006,2019-20,BOX BUTTE,ALLIANCE EARLY CHILD ED PROG,PREK ONLY                     ,PK-PK,0.6716,45,67,67,70006006,70006,0.3289
70010001,2019-20,BOX BUTTE,HEMINGFORD HIGH SCHOOL,SECONDARY                     ,07-12,0.2857,50,175,175,70010001,70010,0.198
70010002,2019-20,BOX BUTTE,HEMINGFORD ELEMENTARY SCHOOL,ELEMENTARY                    ,PK-06,0.3333,86,258,258,70010002,70010,0.198
80051001,2019-20,BOYD,BOYD COUNTY HIGH SCHOOL (SPENCER),HIGH SCHOOL                   ,09-12,0.6344,59,93,93,80051001,80051,0.0801
80051002,2019-20,BOYD,BOYD COUNTY MIDDLE SCHOOL (SPENCER),MIDDLE SCHOOL                 ,05-08,0.6635,69,104,104,80051002,80051,0.0801
80051003,2019-20,BOYD,BOYD COUNTY ELEMENTARY (BUTTE),ELEMENTARY                    ,PK-04,0.4918,60,122,122,80051003,80051,0.0801
80051004,2019-20,BOYD,BOYD COUNTY ELEMENTARY (LYNCH),ELEMENTARY                    ,PK-04,0.7105,27,38,38,80051004,80051,0.0801
90010001,2019-20,BROWN,AINSWORTH HIGH SCHOOL,HIGH SCHOOL                   ,09-12,0.375,54,144,144,90010001,90010,0.1628
90010002,2019-20,BROWN,AINSWORTH ELEMENTARY SCHOOL,ELEMENTARY                    ,K -04,0.4926,67,136,136,90010002,90010,0.1628
90010003,2019-20,BROWN,AINSWORTH MIDDLE SCHOOL,MIDDLE SCHOOL                 ,05-08,0.5575,63,113,113,90010003,90010,0.1628
90010011,2019-20,BROWN,AINSWORTH LITTLE PAWS PRESCHOOL,PREK ONLY                     ,PK-PK,0.5,17,34,34,90010011,90010,0.1628
220011001,2019-20,DAKOTA,SOUTH SIOUX HIGH SCHOOL,HIGH SCHOOL                   ,09-12,0.6556,773,1179,1179,22001100,22001,0.0716
220011003,2019-20,DAKOTA,SOUTH SIOUX CITY MIDDLE SCHOOL,MIDDLE SCHOOL                 ,06-08,0.7245,597,824,824,22001100,22001,0.0716
220011004,2019-20,DAKOTA,E N SWETT ELEMENTARY SCHOOL,ELEMENTARY                    ,PK-K ,0.7432,191,257,257,22001100,22001,0.0716
220011005,2019-20,DAKOTA,HARNEY ELEMENTARY SCHOOL,ELEMENTARY                    ,K -05,0.7755,266,343,343,22001100,22001,0.0716
220011006,2019-20,DAKOTA,LEWIS & CLARK ELEMENTARY SCH,ELEMENTARY                    ,K -05,0.8374,206,246,246,22001100,22001,0.0716
220011007,2019-20,DAKOTA,DAKOTA CITY ELEMENTARY SCHOOL,ELEMENTARY                    ,K -05,0.6584,133,202,202,22001100,22001,0.0716
220011008,2019-20,DAKOTA,CARDINAL ELEMENTARY SCHOOL,ELEMENTARY                    ,PK-05,0.6101,241,395,395,22001100,22001,0.0716
220011011,2019-20,DAKOTA,COVINGTON ELEMENTARY SCHOOL,ELEMENTARY                    ,01-05,0.7092,278,392,392,22001101,22001,0.0716
10003001,2020-21,ADAMS,KENESAW SECONDARY SCHOOL,SECONDARY                     ,07-12,0.2124,24,113,113,10003001,10003,0.0979
10003002,2020-21,ADAMS,KENESAW ELEMENTARY SCHOOL,ELEMENTARY                    ,PK-06,0.331,47,142,142,10003002,10003,0.0979
10018001,2020-21,ADAMS,HASTINGS SENIOR HIGH SCHOOL,HIGH SCHOOL                   ,09-12,0.5975,659,1103,1103,10018001,10018,0.2473
10018002,2020-21,ADAMS,HASTINGS MIDDLE SCHOOL,MIDDLE SCHOOL                 ,06-08,0.6624,471,711,711,10018002,10018,0.2473
10018003,2020-21,ADAMS,ALCOTT ELEMENTARY SCHOOL,ELEMENTARY                    ,PK-05,0.7822,237,303,303,10018003,10018,0.2473
10018004,2020-21,ADAMS,HAWTHORNE ELEMENTARY SCHOOL,ELEMENTARY                    ,PK-05,0.5444,227,417,417,10018004,10018,0.2473
10018005,2020-21,ADAMS,LINCOLN ELEMENTARY SCHOOL,ELEMENTARY                    ,PK-05,0.843,290,344,344,10018005,10018,0.2473
10018006,2020-21,ADAMS,LONGFELLOW ELEMENTARY SCHOOL,ELEMENTARY                    ,K -05,0.5804,184,317,317,10018006,10018,0.2473
10018008,2020-21,ADAMS,RAYMOND A WATSON ELEM SCHOOL,ELEMENTARY                    ,K -05,0.4759,227,477,477,10018008,10018,0.2473
10090001,2020-21,ADAMS,ADAMS CENTRAL JR-SR HIGH SCH,SECONDARY                     ,07-12,0.1971,83,421,421,10090001,10090,0.0486
10090007,2020-21,ADAMS,ADAMS CENTRAL ELEMENTARY SCHOOL,ELEMENTARY                    ,K -06,0.2306,107,464,464,10090007,10090,0.0486
10090008,2020-21,ADAMS,ADAMS CENTRAL EARLY CHILDHOOD CENTER,PREK ONLY                     ,PK-PK,*,*,80,80,10090008,10090,0.0486
10123001,2020-21,ADAMS,SILVER LAKE HIGH SCHOOL,SECONDARY                     ,07-12,0.4286,48,112,112,10123001,10123,0.0578
10123002,2020-21,ADAMS,SILVER LAKE ELEM SCH-BLADEN,ELEMENTARY                    ,PK-06,0.4532,63,139,139,10123002,10123,0.0578
20009001,2020-21,ANTELOPE,NELIGH-OAKDALE HIGH SCHOOL,SECONDARY                     ,07-12,0.4014,57,142,142,20009001,20009,0.1219
20009004,2020-21,ANTELOPE,WESTWARD ELEMENTARY SCHOOL,ELEMENTARY                    ,PK-02,0.4087,47,115,115,20009004,20009,0.1219
20009005,2020-21,ANTELOPE,EASTWARD ELEMENTARY SCHOOL,ELEMENTARY                    ,03-06,0.4907,53,108,108,20009005,20009,0.1219
20018001,2020-21,ANTELOPE,ELGIN HIGH SCHOOL,SECONDARY                     ,07-12,0.4677,29,62,62,20018001,20018,0.1677
20018002,2020-21,ANTELOPE,ELGIN ELEMENTARY SCHOOL,ELEMENTARY                    ,PK-06,0.5167,62,120,120,20018002,20018,0.1677
20115001,2020-21,ANTELOPE,SUMMERLAND HIGH SCHOOL AT CLEARWATER,SECONDARY                     ,07-12,0.3433,23,67,67,20115001,20115,0.2334
20115002,2020-21,ANTELOPE,SUMMERLAND ELEM SCH AT CLEARWATER,ELEMENTARY                    ,PK-06,0.3143,22,70,70,20115002,20115,0.2334
20115003,2020-21,ANTELOPE,SUMMERLAND HIGH SCHOOL AT ORCHARD,SECONDARY                     ,07-12,0.5882,30,51,51,20115003,20115,0.2334
20115004,2020-21,ANTELOPE,SUMMERLAND ELEM SCH AT ORCHARD,ELEMENTARY                    ,PK-06,0.4625,37,80,80,20115004,20115,0.2334
20115005,2020-21,ANTELOPE,SUMMERLAND HIGH SCH AT EWING,SECONDARY                     ,07-12,0.5849,31,53,53,20115005,20115,0.2334
20115006,2020-21,ANTELOPE,SUMMERLAND ELEM SCH AT EWING,ELEMENTARY                    ,PK-06,0.6627,55,83,83,20115006,20115,0.2334
30500001,2020-21,ARTHUR,ARTHUR COUNTY HIGH SCHOOL,SECONDARY                     ,07-12,*,*,53,53,30500001,30500,0.1167
30500002,2020-21,ARTHUR,ARTHUR COUNTY ELEMENTARY SCHOOL,ELEMENTARY                    ,K -06,*,*,71,71,30500002,30500,0.1167
40001001,2020-21,BANNER,BANNER COUNTY HIGH SCHOOL,SECONDARY                     ,09-12,0.7436,29,39,39,40001001,40001,0.1449
40001002,2020-21,BANNER,BANNER COUNTY ELEMENTARY SCHOOL,ELEMENTARY                    ,PK-05,0.7442,64,86,86,40001002,40001,0.1449
40001003,2020-21,BANNER,BANNER COUNTY MIDDLE SCHOOL,MIDDLE SCHOOL                 ,06-08,0.7692,20,26,26,40001003,40001,0.1449
50071001,2020-21,BLAINE,HIGH SCHOOL AT DUNNING,SECONDARY                     ,07-12,0.55,22,40,40,50071001,50071,0.1222
50071002,2020-21,BLAINE,ELEMENTARY SCHOOL AT HALSEY,ELEMENTARY                    ,K -06,0.7,35,50,50,50071002,50071,0.1222
60001001,2020-21,BOONE,BOONE CENTRAL HIGH SCHOOL,HIGH SCHOOL                   ,09-12,0.2783,59,212,212,60001001,60001,0.1278
60001002,2020-21,BOONE,BOONE CENTRAL ELEM-ALBION,ELEMENTARY                    ,PK-05,0.3385,109,322,322,60001002,60001,0.1278
60001004,2020-21,BOONE,BOONE CENTRAL MIDDLE SCHOOL,MIDDLE SCHOOL                 ,06-08,0.4643,52,112,112,60001004,60001,0.1278
60017001,2020-21,BOONE,ST EDWARD HIGH SCHOOL,SECONDARY                     ,07-12,0.5679,46,81,81,60017001,60017,0.3254
60017002,2020-21,BOONE,ST EDWARD ELEMENTARY SCHOOL,ELEMENTARY                    ,PK-06,0.6238,63,101,101,60017002,60017,0.3254
60075001,2020-21,BOONE,RIVERSIDE HIGH SCHOOL,HIGH SCHOOL                   ,09-12,0.5397,34,63,63,60075001,60075,0.0769
60075002,2020-21,BOONE,RIVERSIDE MIDDLE SCHOOL,MIDDLE SCHOOL                 ,06-08,0.5424,32,59,59,60075002,60075,0.0769
60075003,2020-21,BOONE,RIVERSIDE ELEMENTARY - CEDAR RAPIDS,ELEMENTARY                    ,PK-05,0.5542,46,83,83,60075003,60075,0.0769
60075004,2020-21,BOONE,RIVERSIDE ELEMENTARY - SPALDING,ELEMENTARY                    ,PK-05,0.3061,15,49,49,60075004,60075,0.0769
70006001,2020-21,BOX BUTTE,ALLIANCE HIGH SCHOOL,HIGH SCHOOL                   ,09-12,0.4189,186,444,444,70006001,70006,0.4831
70006002,2020-21,BOX BUTTE,ALLIANCE MIDDLE SCHOOL,MIDDLE SCHOOL                 ,06-08,0.4744,139,293,293,70006002,70006,0.4831
70006004,2020-21,BOX BUTTE,EMERSON ELEMENTARY SCHOOL,ELEMENTARY                    ,K -02,0.4309,134,311,311,70006004,70006,0.4831
70006005,2020-21,BOX BUTTE,GRANDVIEW ELEMENTARY SCHOOL,ELEMENTARY                    ,03-05,0.5613,142,253,253,70006005,70006,0.4831
70006006,2020-21,BOX BUTTE,ALLIANCE EARLY CHILD ED PROG,PREK ONLY                     ,PK-PK,0.6129,38,62,62,70006006,70006,0.4831
70010001,2020-21,BOX BUTTE,HEMINGFORD HIGH SCHOOL,SECONDARY                     ,07-12,0.3253,54,166,166,70010001,70010,0.1493
70010002,2020-21,BOX BUTTE,HEMINGFORD ELEMENTARY SCHOOL,ELEMENTARY                    ,PK-06,0.3783,87,230,230,70010002,70010,0.1493
80051001,2020-21,BOYD,BOYD COUNTY HIGH SCHOOL (SPENCER),HIGH SCHOOL                   ,09-12,0.5,48,96,96,80051001,80051,0.0945
80051002,2020-21,BOYD,BOYD COUNTY MIDDLE SCHOOL (SPENCER),MIDDLE SCHOOL                 ,05-08,0.5644,57,101,101,80051002,80051,0.0945
80051003,2020-21,BOYD,BOYD COUNTY ELEMENTARY (BUTTE),ELEMENTARY                    ,PK-04,0.5207,63,121,121,80051003,80051,0.0945
80051004,2020-21,BOYD,BOYD COUNTY ELEMENTARY (LYNCH),ELEMENTARY                    ,PK-04,0.6304,29,46,46,80051004,80051,0.0945
90010001,2020-21,BROWN,AINSWORTH HIGH SCHOOL,HIGH SCHOOL                   ,09-12,0.4437,63,142,142,90010001,90010,0.0751
90010002,2020-21,BROWN,AINSWORTH ELEMENTARY SCHOOL,ELEMENTARY                    ,K -04,0.437,59,135,135,90010002,90010,0.0751
90010003,2020-21,BROWN,AINSWORTH MIDDLE SCHOOL,MIDDLE SCHOOL                 ,05-08,0.5229,57,109,109,90010003,90010,0.0751
90010011,2020-21,BROWN,AINSWORTH LITTLE PAWS PRESCHOOL,PREK ONLY                     ,PK-PK,0.4138,12,29,29,90010011,90010,0.0751
10003001,2021-22,ADAMS,KENESAW SECONDARY SCHOOL,SECONDARY                     ,07-12,0.2126,27,127,127,10003001,10003,0.0949
10003002,2021-22,ADAMS,KENESAW ELEMENTARY SCHOOL,ELEMENTARY                    ,PK-06,0.331,48,145,145,10003002,10003,0.0949
10018001,2021-22,ADAMS,HASTINGS SENIOR HIGH SCHOOL,HIGH SCHOOL                   ,09-12,0.5717,618,1081,1081,10018001,10018,0.3501
10018002,2021-22,ADAMS,HASTINGS MIDDLE SCHOOL,MIDDLE SCHOOL                 ,06-08,0.6421,488,760,760,10018002,10018,0.3501
10018003,2021-22,ADAMS,ALCOTT ELEMENTARY SCHOOL,ELEMENTARY                    ,PK-05,0.7893,236,299,299,10018003,10018,0.3501
10018004,2021-22,ADAMS,HAWTHORNE ELEMENTARY SCHOOL,ELEMENTARY                    ,PK-05,0.5328,211,396,396,10018004,10018,0.3501
10018005,2021-22,ADAMS,LINCOLN ELEMENTARY SCHOOL,ELEMENTARY                    ,PK-05,0.8406,290,345,345,10018005,10018,0.3501
10018006,2021-22,ADAMS,LONGFELLOW ELEMENTARY SCHOOL,ELEMENTARY                    ,K -05,0.6183,196,317,317,10018006,10018,0.3501
10018008,2021-22,ADAMS,RAYMOND A WATSON ELEM SCHOOL,ELEMENTARY                    ,K -05,0.4631,226,488,488,10018008,10018,0.3501
10090001,2021-22,ADAMS,ADAMS CENTRAL JR-SR HIGH SCH,SECONDARY                     ,07-12,0.2005,85,424,424,10090001,10090,0.0537
10090007,2021-22,ADAMS,ADAMS CENTRAL ELEMENTARY SCHOOL,ELEMENTARY                    ,K -06,0.2439,119,488,488,10090007,10090,0.0537
10090008,2021-22,ADAMS,ADAMS CENTRAL EARLY CHILDHOOD CENTER,PREK ONLY                     ,PK-PK,0.125,11,88,88,10090008,10090,0.0537
10123001,2021-22,ADAMS,SILVER LAKE HIGH SCHOOL,SECONDARY                     ,07-12,0.4037,44,109,109,10123001,10123,0.2805
10123002,2021-22,ADAMS,SILVER LAKE ELEM SCH-BLADEN,ELEMENTARY                    ,PK-06,0.4014,57,142,142,10123002,10123,0.2805
20009001,2021-22,ANTELOPE,NELIGH-OAKDALE HIGH SCHOOL,SECONDARY                     ,07-12,0.4706,64,136,136,20009001,20009,0.1522
20009004,2021-22,ANTELOPE,WESTWARD ELEMENTARY SCHOOL,ELEMENTARY                    ,PK-02,0.3645,39,107,107,20009004,20009,0.1522
20009005,2021-22,ANTELOPE,EASTWARD ELEMENTARY SCHOOL,ELEMENTARY                    ,03-06,0.5372,65,121,121,20009005,20009,0.1522
20018001,2021-22,ANTELOPE,ELGIN HIGH SCHOOL,SECONDARY                     ,07-12,0.3529,30,85,85,20018001,20018,0.2143
20018002,2021-22,ANTELOPE,ELGIN ELEMENTARY SCHOOL,ELEMENTARY                    ,PK-06,0.4425,50,113,113,20018002,20018,0.2143
20115007,2021-22,ANTELOPE,SUMMERLAND HIGH SCHOOL,SECONDARY                     ,07-12,0.2849,49,172,172,20115007,20115,0.1667
20115008,2021-22,ANTELOPE,SUMMERLAND ELEM SCHOOL,ELEMENTARY                    ,PK-06,0.2838,65,229,229,20115008,20115,0.1667
30500001,2021-22,ARTHUR,ARTHUR COUNTY HIGH SCHOOL,SECONDARY                     ,07-12,*,*,56,56,30500001,30500,0.2288
30500002,2021-22,ARTHUR,ARTHUR COUNTY ELEMENTARY SCHOOL,ELEMENTARY                    ,K -06,*,*,66,66,30500002,30500,0.2288
40001001,2021-22,BANNER,BANNER COUNTY HIGH SCHOOL,SECONDARY                     ,09-12,0.7442,32,43,43,40001001,40001,0.097
40001002,2021-22,BANNER,BANNER COUNTY ELEMENTARY SCHOOL,ELEMENTARY                    ,PK-05,0.7467,56,75,75,40001002,40001,0.097
40001003,2021-22,BANNER,BANNER COUNTY MIDDLE SCHOOL,MIDDLE SCHOOL                 ,06-08,0.7407,20,27,27,40001003,40001,0.097
60001001,2021-22,BOONE,BOONE CENTRAL HIGH SCHOOL,HIGH SCHOOL                   ,09-12,0.1836,38,207,207,60001001,60001,0.1532
60001002,2021-22,BOONE,BOONE CENTRAL ELEM-ALBION,ELEMENTARY                    ,PK-04,0.234,62,265,265,60001002,60001,0.1532
60001004,2021-22,BOONE,BOONE CENTRAL MIDDLE SCHOOL,MIDDLE SCHOOL                 ,05-08,0.3136,53,169,169,60001004,60001,0.1532
60017001,2021-22,BOONE,ST EDWARD HIGH SCHOOL,SECONDARY                     ,07-12,0.3218,28,87,87,60017001,60017,0.1686
60017002,2021-22,BOONE,ST EDWARD ELEMENTARY SCHOOL,ELEMENTARY                    ,PK-06,0.31,31,100,100,60017002,60017,0.1686
60075001,2021-22,BOONE,RIVERSIDE HIGH SCHOOL,HIGH SCHOOL                   ,09-12,0.44,33,75,75,60075001,60075,0.0968
60075002,2021-22,BOONE,RIVERSIDE MIDDLE SCHOOL,MIDDLE SCHOOL                 ,06-08,0.4902,25,51,51,60075002,60075,0.0968
60075003,2021-22,BOONE,RIVERSIDE ELEMENTARY - CEDAR RAPIDS,ELEMENTARY                    ,PK-05,0.5479,40,73,73,60075003,60075,0.0968
60075004,2021-22,BOONE,RIVERSIDE ELEMENTARY - SPALDING,ELEMENTARY                    ,PK-05,0.3061,15,49,49,60075004,60075,0.0968
70006001,2021-22,BOX BUTTE,ALLIANCE HIGH SCHOOL,HIGH SCHOOL                   ,09-12,0.4232,179,423,423,70006001,70006,0.4358
70006002,2021-22,BOX BUTTE,ALLIANCE MIDDLE SCHOOL,MIDDLE SCHOOL                 ,06-08,0.4281,134,313,313,70006002,70006,0.4358
70006004,2021-22,BOX BUTTE,EMERSON ELEMENTARY SCHOOL,ELEMENTARY                    ,K -02,0.461,142,308,308,70006004,70006,0.4358
70006005,2021-22,BOX BUTTE,GRANDVIEW ELEMENTARY SCHOOL,ELEMENTARY                    ,03-05,0.5504,142,258,258,70006005,70006,0.4358
70006006,2021-22,BOX BUTTE,ALLIANCE EARLY CHILD ED PROG,PREK ONLY                     ,PK-PK,0.7321,41,56,56,70006006,70006,0.4358
70010001,2021-22,BOX BUTTE,HEMINGFORD HIGH SCHOOL,SECONDARY                     ,07-12,0.2981,48,161,161,70010001,70010,0.1186
70010002,2021-22,BOX BUTTE,HEMINGFORD ELEMENTARY SCHOOL,ELEMENTARY                    ,PK-06,0.3777,88,233,233,70010002,70010,0.1186
80051001,2021-22,BOYD,BOYD COUNTY HIGH SCHOOL (SPENCER),HIGH SCHOOL                   ,09-12,0.5169,46,89,89,80051001,80051,0.1564
80051002,2021-22,BOYD,BOYD COUNTY MIDDLE SCHOOL (SPENCER),MIDDLE SCHOOL                 ,05-08,0.567,55,97,97,80051002,80051,0.1564
80051003,2021-22,BOYD,BOYD COUNTY ELEMENTARY (BUTTE),ELEMENTARY                    ,PK-04,0.5098,52,102,102,80051003,80051,0.1564
80051004,2021-22,BOYD,BOYD COUNTY ELEMENTARY (LYNCH),ELEMENTARY                    ,PK-04,0.5833,28,48,48,80051004,80051,0.1564
90010001,2021-22,BROWN,AINSWORTH HIGH SCHOOL,HIGH SCHOOL                   ,09-12,0.3939,52,132,132,90010001,90010,0.1178
90010002,2021-22,BROWN,AINSWORTH ELEMENTARY SCHOOL,ELEMENTARY                    ,K -04,0.4296,61,142,142,90010002,90010,0.1178
90010003,2021-22,BROWN,AINSWORTH MIDDLE SCHOOL,MIDDLE SCHOOL                 ,05-08,0.3704,40,108,108,90010003,90010,0.1178
90010011,2021-22,BROWN,AINSWORTH LITTLE PAWS PRESCHOOL,PREK ONLY                     ,PK-PK,0.5641,22,39,39,90010011,90010,0.1178
10003001,2022-23,ADAMS,KENESAW SECONDARY SCHOOL,SECONDARY                     ,07-12,0.234,33,141,141,10003001,10003,0.1583
10003002,2022-23,ADAMS,KENESAW ELEMENTARY SCHOOL,ELEMENTARY                    ,PK-06,0.3099,44,142,142,10003002,10003,0.1583
10018001,2022-23,ADAMS,HASTINGS SENIOR HIGH SCHOOL,HIGH SCHOOL                   ,09-12,0.5155,550,1067,1067,10018001,10018,0.2929
10018002,2022-23,ADAMS,HASTINGS MIDDLE SCHOOL,MIDDLE SCHOOL                 ,06-08,0.5218,407,780,780,10018002,10018,0.2929
10018003,2022-23,ADAMS,ALCOTT ELEMENTARY SCHOOL,ELEMENTARY                    ,K -05,0.6627,165,249,249,10018003,10018,0.2929
10018004,2022-23,ADAMS,HAWTHORNE ELEMENTARY SCHOOL,ELEMENTARY                    ,K -05,0.491,163,332,332,10018004,10018,0.2929
10018005,2022-23,ADAMS,LINCOLN ELEMENTARY SCHOOL,ELEMENTARY                    ,K -05,0.7458,223,299,299,10018005,10018,0.2929
10018006,2022-23,ADAMS,LONGFELLOW ELEMENTARY SCHOOL,ELEMENTARY                    ,K -05,0.4528,139,307,307,10018006,10018,0.2929
10018007,2022-23,ADAMS,MORTON EARLY LEARNING CENTER,PREK ONLY                     ,PK-PK,0.2266,63,278,278,10018007,10018,0.2929
10018008,2022-23,ADAMS,RAYMOND A WATSON ELEM SCHOOL,ELEMENTARY                    ,K -05,0.3765,125,332,332,10018008,10018,0.2929
10090001,2022-23,ADAMS,ADAMS CENTRAL JR-SR HIGH SCH,SECONDARY                     ,07-12,0.1953,84,430,430,10090001,10090,0.0678
10090007,2022-23,ADAMS,ADAMS CENTRAL ELEMENTARY SCHOOL,ELEMENTARY                    ,K -06,0.2064,103,499,499,10090007,10090,0.0678
10090008,2022-23,ADAMS,ADAMS CENTRAL EARLY CHILDHOOD CENTER,PREK ONLY                     ,PK-PK,*,*,75,75,10090008,10090,0.0678
10123001,2022-23,ADAMS,SILVER LAKE HIGH SCHOOL,SECONDARY                     ,07-12,0.3592,37,103,103,10123001,10123,0.1089
10123002,2022-23,ADAMS,SILVER LAKE ELEM SCH-BLADEN,ELEMENTARY                    ,PK-06,0.4309,53,123,123,10123002,10123,0.1089
20009001,2022-23,ANTELOPE,NELIGH-OAKDALE HIGH SCHOOL,SECONDARY                     ,07-12,0.4929,69,140,140,20009001,20009,0.127
20009004,2022-23,ANTELOPE,WESTWARD ELEMENTARY SCHOOL,ELEMENTARY                    ,PK-02,0.4862,53,109,109,20009004,20009,0.127
20009005,2022-23,ANTELOPE,EASTWARD ELEMENTARY SCHOOL,ELEMENTARY                    ,03-06,0.5392,55,102,102,20009005,20009,0.127
20018001,2022-23,ANTELOPE,ELGIN HIGH SCHOOL,SECONDARY                     ,07-12,0.4286,39,91,91,20018001,20018,0.1404
20018002,2022-23,ANTELOPE,ELGIN ELEMENTARY SCHOOL,ELEMENTARY                    ,PK-06,0.5283,56,106,106,20018002,20018,0.1404
20115007,2022-23,ANTELOPE,SUMMERLAND HIGH SCHOOL,SECONDARY                     ,07-12,0.4715,91,193,193,20115007,20115,0.0741
20115008,2022-23,ANTELOPE,SUMMERLAND ELEM SCHOOL,ELEMENTARY                    ,PK-06,0.4754,116,244,244,20115008,20115,0.0741
30500001,2022-23,ARTHUR,ARTHUR COUNTY HIGH SCHOOL,SECONDARY                     ,07-12,*,*,57,57,30500001,30500,0.3362
30500002,2022-23,ARTHUR,ARTHUR COUNTY ELEMENTARY SCHOOL,ELEMENTARY                    ,K -06,*,*,63,63,30500002,30500,0.3362
40001001,2022-23,BANNER,BANNER COUNTY HIGH SCHOOL,SECONDARY                     ,09-12,0.7317,30,41,41,40001001,40001,0.1127
40001002,2022-23,BANNER,BANNER COUNTY ELEMENTARY SCHOOL,ELEMENTARY                    ,PK-05,0.7436,58,78,78,40001002,40001,0.1127
40001003,2022-23,BANNER,BANNER COUNTY MIDDLE SCHOOL,MIDDLE SCHOOL                 ,06-08,0.75,24,32,32,40001003,40001,0.1127
60001001,2022-23,BOONE,BOONE CENTRAL HIGH SCHOOL,HIGH SCHOOL                   ,09-12,0.3333,66,198,198,60001001,60001,0.1021
60001002,2022-23,BOONE,BOONE CENTRAL ELEM-ALBION,ELEMENTARY                    ,PK-04,0.2887,82,284,284,60001002,60001,0.1021
60001004,2022-23,BOONE,BOONE CENTRAL MIDDLE SCHOOL,MIDDLE SCHOOL                 ,05-08,0.4072,68,167,167,60001004,60001,0.1021
60017001,2022-23,BOONE,ST EDWARD HIGH SCHOOL,SECONDARY                     ,07-12,0.4231,33,78,78,60017001,60017,0.2222
60017002,2022-23,BOONE,ST EDWARD ELEMENTARY SCHOOL,ELEMENTARY                    ,PK-06,0.5319,50,94,94,60017002,60017,0.2222
60075001,2022-23,BOONE,RIVERSIDE HIGH SCHOOL,HIGH SCHOOL                   ,09-12,0.4306,31,72,72,60075001,60075,0.1315
60075002,2022-23,BOONE,RIVERSIDE MIDDLE SCHOOL,MIDDLE SCHOOL                 ,06-08,0.625,30,48,48,60075002,60075,0.1315
60075003,2022-23,BOONE,RIVERSIDE ELEMENTARY - CEDAR RAPIDS,ELEMENTARY                    ,PK-05,0.44,33,75,75,60075003,60075,0.1315
60075004,2022-23,BOONE,RIVERSIDE ELEMENTARY - SPALDING,ELEMENTARY                    ,PK-05,0.3191,15,47,47,60075004,60075,0.1315
70006001,2022-23,BOX BUTTE,ALLIANCE HIGH SCHOOL,HIGH SCHOOL                   ,09-12,0.4908,213,434,434,70006001,70006,0.3925
70006002,2022-23,BOX BUTTE,ALLIANCE MIDDLE SCHOOL,MIDDLE SCHOOL                 ,06-08,0.5699,163,286,286,70006002,70006,0.3925
70006004,2022-23,BOX BUTTE,EMERSON ELEMENTARY SCHOOL,ELEMENTARY                    ,K -02,0.6237,179,287,287,70006004,70006,0.3925
70006005,2022-23,BOX BUTTE,GRANDVIEW ELEMENTARY SCHOOL,ELEMENTARY                    ,03-05,0.5993,163,272,272,70006005,70006,0.3925
70006006,2022-23,BOX BUTTE,ALLIANCE EARLY CHILD ED PROG,PREK ONLY                     ,PK-PK,0.6515,43,66,66,70006006,70006,0.3925
70010001,2022-23,BOX BUTTE,HEMINGFORD HIGH SCHOOL,SECONDARY                     ,07-12,0.2865,49,171,171,70010001,70010,0.1173
70010002,2022-23,BOX BUTTE,HEMINGFORD ELEMENTARY SCHOOL,ELEMENTARY                    ,PK-06,0.3973,89,224,224,70010002,70010,0.1173
80051001,2022-23,BOYD,BOYD COUNTY HIGH SCHOOL (SPENCER),HIGH SCHOOL                   ,09-12,0.5368,51,95,95,80051001,80051,0.0954
80051002,2022-23,BOYD,BOYD COUNTY MIDDLE SCHOOL (SPENCER),MIDDLE SCHOOL                 ,05-08,0.4762,50,105,105,80051002,80051,0.0954
80051003,2022-23,BOYD,BOYD COUNTY ELEMENTARY (BUTTE),ELEMENTARY                    ,PK-04,0.4186,36,86,86,80051003,80051,0.0954
80051004,2022-23,BOYD,BOYD COUNTY ELEMENTARY (LYNCH),ELEMENTARY                    ,PK-04,0.5745,27,47,47,80051004,80051,0.0954
90010001,2022-23,BROWN,AINSWORTH HIGH SCHOOL,HIGH SCHOOL                   ,09-12,0.479,57,119,119,90010001,90010,0.1084
90010002,2022-23,BROWN,AINSWORTH ELEMENTARY SCHOOL,ELEMENTARY                    ,K -04,0.4104,55,134,134,90010002,90010,0.1084
90010003,2022-23,BROWN,AINSWORTH MIDDLE SCHOOL,MIDDLE SCHOOL                 ,05-08,0.3534,41,116,116,90010003,90010,0.1084
90010011,2022-23,BROWN,AINSWORTH LITTLE PAWS PRESCHOOL,PREK ONLY                     ,PK-PK,0.4211,16,38,38,90010011,90010,0.1084
10003001,2023-24,ADAMS,KENESAW SECONDARY SCHOOL,SECONDARY                     ,07-12,0.2672,35,131,131,10003001,10003,0.1382
10003002,2023-24,ADAMS,KENESAW ELEMENTARY SCHOOL,ELEMENTARY                    ,PK-06,0.2966,43,145,145,10003002,10003,0.1382
10018001,2023-24,ADAMS,HASTINGS SENIOR HIGH SCHOOL,HIGH SCHOOL                   ,09-12,0.5649,579,1025,1025,10018001,10018,0.2674
10018002,2023-24,ADAMS,HASTINGS MIDDLE SCHOOL,MIDDLE SCHOOL                 ,06-08,0.6119,473,773,773,10018002,10018,0.2674
10018003,2023-24,ADAMS,ALCOTT ELEMENTARY SCHOOL,ELEMENTARY                    ,K -05,0.7852,212,270,270,10018003,10018,0.2674
10018004,2023-24,ADAMS,HAWTHORNE ELEMENTARY SCHOOL,ELEMENTARY                    ,K -05,0.5772,187,324,324,10018004,10018,0.2674
10018005,2023-24,ADAMS,LINCOLN ELEMENTARY SCHOOL,ELEMENTARY                    ,K -05,0.9112,277,304,304,10018005,10018,0.2674
10018006,2023-24,ADAMS,LONGFELLOW ELEMENTARY SCHOOL,ELEMENTARY                    ,K -05,0.6122,180,294,294,10018006,10018,0.2674
10018007,2023-24,ADAMS,MORTON EARLY LEARNING CENTER,PREK ONLY                     ,PK-PK,0.2857,118,413,413,10018007,10018,0.2674
10018008,2023-24,ADAMS,RAYMOND A WATSON ELEM SCHOOL,ELEMENTARY                    ,K -05,0.5074,171,337,337,10018008,10018,0.2674
10090001,2023-24,ADAMS,ADAMS CENTRAL JR-SR HIGH SCH,SECONDARY                     ,07-12,0.1991,86,432,432,10090001,10090,0.0559
10090007,2023-24,ADAMS,ADAMS CENTRAL ELEMENTARY SCHOOL,ELEMENTARY                    ,K -06,0.1827,91,498,498,10090007,10090,0.0559
10090008,2023-24,ADAMS,ADAMS CENTRAL EARLY CHILDHOOD CENTER,PREK ONLY                     ,PK-PK,0.1414,14,99,99,10090008,10090,0.0559
10123001,2023-24,ADAMS,SILVER LAKE HIGH SCHOOL,SECONDARY                     ,07-12,0.3587,33,92,92,10123001,10123,0.0872
10123002,2023-24,ADAMS,SILVER LAKE ELEM SCH-BLADEN,ELEMENTARY                    ,PK-06,0.3871,48,124,124,10123002,10123,0.0872
20009001,2023-24,ANTELOPE,NELIGH-OAKDALE HIGH SCHOOL,SECONDARY                     ,07-12,0.3475,49,141,141,20009001,20009,0.1
20009004,2023-24,ANTELOPE,WESTWARD ELEMENTARY SCHOOL,ELEMENTARY                    ,PK-02,0.4688,45,96,96,20009004,20009,0.1
20009005,2023-24,ANTELOPE,EASTWARD ELEMENTARY SCHOOL,ELEMENTARY                    ,03-06,0.4583,44,96,96,20009005,20009,0.1
20018001,2023-24,ANTELOPE,ELGIN HIGH SCHOOL,SECONDARY                     ,07-12,0.4118,35,85,85,20018001,20018,0.1358
20018002,2023-24,ANTELOPE,ELGIN ELEMENTARY SCHOOL,ELEMENTARY                    ,PK-06,0.5304,61,115,115,20018002,20018,0.1358
20115007,2023-24,ANTELOPE,SUMMERLAND HIGH SCHOOL,SECONDARY                     ,07-12,0.4577,92,201,201,20115007,20115,0.0847
20115008,2023-24,ANTELOPE,SUMMERLAND ELEM SCHOOL,ELEMENTARY                    ,PK-06,0.4768,113,237,237,20115008,20115,0.0847
30500001,2023-24,ARTHUR,ARTHUR COUNTY HIGH SCHOOL,SECONDARY                     ,07-12,*,*,60,60,30500001,30500,0.1982
30500002,2023-24,ARTHUR,ARTHUR COUNTY ELEMENTARY SCHOOL,ELEMENTARY                    ,K -06,*,*,54,54,30500002,30500,0.1982
40001001,2023-24,BANNER,BANNER COUNTY HIGH SCHOOL,SECONDARY                     ,09-12,*,*,37,37,40001001,40001,0.25
40001002,2023-24,BANNER,BANNER COUNTY ELEMENTARY SCHOOL,ELEMENTARY                    ,PK-05,*,*,70,70,40001002,40001,0.25
40001003,2023-24,BANNER,BANNER COUNTY MIDDLE SCHOOL,MIDDLE SCHOOL                 ,06-08,*,*,33,33,40001003,40001,0.25
60001001,2023-24,BOONE,BOONE CENTRAL HIGH SCHOOL,HIGH SCHOOL                   ,09-12,0.3235,66,204,204,60001001,60001,0.1002
60001002,2023-24,BOONE,BOONE CENTRAL ELEM-ALBION,ELEMENTARY                    ,PK-04,0.375,102,272,272,60001002,60001,0.1002
60001004,2023-24,BOONE,BOONE CENTRAL MIDDLE SCHOOL,MIDDLE SCHOOL                 ,05-08,0.435,77,177,177,60001004,60001,0.1002
70006001,2023-24,BOX BUTTE,ALLIANCE HIGH SCHOOL,HIGH SCHOOL                   ,09-12,0.4891,225,460,460,70006001,70006,0.2328
70006002,2023-24,BOX BUTTE,ALLIANCE MIDDLE SCHOOL,MIDDLE SCHOOL                 ,06-08,0.6341,175,276,276,70006002,70006,0.2328
70006004,2023-24,BOX BUTTE,EMERSON ELEMENTARY SCHOOL,ELEMENTARY                    ,K -02,0.6984,176,252,252,70006004,70006,0.2328
70006005,2023-24,BOX BUTTE,GRANDVIEW ELEMENTARY SCHOOL,ELEMENTARY                    ,03-05,0.5753,168,292,292,70006005,70006,0.2328
70006006,2023-24,BOX BUTTE,ALLIANCE EARLY CHILD ED PROG,PREK ONLY                     ,PK-PK,0.5867,44,75,75,70006006,70006,0.2328
70010001,2023-24,BOX BUTTE,HEMINGFORD HIGH SCHOOL,SECONDARY                     ,07-12,0.2981,48,161,161,70010001,70010,0.1188
70010002,2023-24,BOX BUTTE,HEMINGFORD ELEMENTARY SCHOOL,ELEMENTARY                    ,PK-06,0.4009,91,227,227,70010002,70010,0.1188
80051001,2023-24,BOYD,BOYD COUNTY HIGH SCHOOL (SPENCER),HIGH SCHOOL                   ,09-12,0.514,55,107,107,80051001,80051,0.0951
80051002,2023-24,BOYD,BOYD COUNTY MIDDLE SCHOOL (SPENCER),MIDDLE SCHOOL                 ,05-08,0.6374,58,91,91,80051002,80051,0.0951
80051003,2023-24,BOYD,BOYD COUNTY ELEMENTARY (BUTTE),ELEMENTARY                    ,PK-04,0.338,24,71,71,80051003,80051,0.0951
80051004,2023-24,BOYD,BOYD COUNTY ELEMENTARY (LYNCH),ELEMENTARY                    ,PK-04,0.717,38,53,53,80051004,80051,0.0951
90010001,2023-24,BROWN,AINSWORTH HIGH SCHOOL,HIGH SCHOOL                   ,09-12,0.5,57,114,114,90010001,90010,0.1246
90010002,2023-24,BROWN,AINSWORTH ELEMENTARY SCHOOL,ELEMENTARY                    ,K -04,0.5512,70,127,127,90010002,90010,0.1246
90010003,2023-24,BROWN,AINSWORTH MIDDLE SCHOOL,MIDDLE SCHOOL                 ,05-08,0.4375,49,112,112,90010003,90010,0.1246
90010011,2023-24,BROWN,AINSWORTH LITTLE PAWS PRESCHOOL,PREK ONLY                     ,PK-PK,*,*,36,36,90010011,90010,0.1246
10003001,2024-25,ADAMS,KENESAW SECONDARY SCHOOL,SECONDARY                     ,07-12,0.2578,33,128,128,10003001,10003,0.1218
10003002,2024-25,ADAMS,KENESAW ELEMENTARY SCHOOL,ELEMENTARY                    ,PK-06,0.223,31,139,139,10003002,10003,0.1218
10018001,2024-25,ADAMS,HASTINGS SENIOR HIGH SCHOOL,HIGH SCHOOL                   ,09-12,0.5409,536,991,991,10018001,10018,0.2341
10018002,2024-25,ADAMS,HASTINGS MIDDLE SCHOOL,MIDDLE SCHOOL                 ,06-08,0.6301,477,757,757,10018002,10018,0.2341
10018003,2024-25,ADAMS,ALCOTT ELEMENTARY SCHOOL,ELEMENTARY                    ,K -05,0.6667,178,267,267,10018003,10018,0.2341
10018004,2024-25,ADAMS,HAWTHORNE ELEMENTARY SCHOOL,ELEMENTARY                    ,K -05,0.5452,187,343,343,10018004,10018,0.2341
10018005,2024-25,ADAMS,LINCOLN ELEMENTARY SCHOOL,ELEMENTARY                    ,K -05,0.8097,234,289,289,10018005,10018,0.2341
10018006,2024-25,ADAMS,LONGFELLOW ELEMENTARY SCHOOL,ELEMENTARY                    ,K -05,0.5049,154,305,305,10018006,10018,0.2341
10018007,2024-25,ADAMS,MORTON EARLY LEARNING CENTER,PREK ONLY                     ,PK-PK,0.0878,44,501,501,10018007,10018,0.2341
10018008,2024-25,ADAMS,RAYMOND A WATSON ELEM SCHOOL,ELEMENTARY                    ,K -05,0.4524,152,336,336,10018008,10018,0.2341
10090001,2024-25,ADAMS,ADAMS CENTRAL JR-SR HIGH SCH,SECONDARY                     ,07-12,0.1261,57,452,452,10090001,10090,0.0835
10090007,2024-25,ADAMS,ADAMS CENTRAL ELEMENTARY SCHOOL,ELEMENTARY                    ,K -06,0.1403,71,506,506,10090007,10090,0.0835
10090008,2024-25,ADAMS,ADAMS CENTRAL EARLY CHILDHOOD CENTER,PREK ONLY                     ,PK-PK,*,*,98,98,10090008,10090,0.0835
10123001,2024-25,ADAMS,SILVER LAKE HIGH SCHOOL,SECONDARY                     ,07-12,0.3511,33,94,94,10123001,10123,0.069
10123002,2024-25,ADAMS,SILVER LAKE ELEM SCH-BLADEN,ELEMENTARY                    ,PK-06,0.3185,43,135,135,10123002,10123,0.069
20009001,2024-25,ANTELOPE,NELIGH-OAKDALE HIGH SCHOOL,SECONDARY                     ,07-12,0.4861,70,144,144,20009001,20009,0.1122
20009004,2024-25,ANTELOPE,WESTWARD ELEMENTARY SCHOOL,ELEMENTARY                    ,PK-02,0.4261,49,115,115,20009004,20009,0.1122
20009005,2024-25,ANTELOPE,EASTWARD ELEMENTARY SCHOOL,ELEMENTARY                    ,03-06,0.6559,61,93,93,20009005,20009,0.1122
20018001,2024-25,ANTELOPE,ELGIN HIGH SCHOOL,SECONDARY                     ,07-12,0.3924,31,79,79,20018001,20018,0.1419
20018002,2024-25,ANTELOPE,ELGIN ELEMENTARY SCHOOL,ELEMENTARY                    ,PK-06,0.5631,58,103,103,20018002,20018,0.1419
20115007,2024-25,ANTELOPE,SUMMERLAND HIGH SCHOOL,SECONDARY                     ,07-12,0.5308,112,211,211,20115007,20115,0.1071
20115008,2024-25,ANTELOPE,SUMMERLAND ELEM SCHOOL,ELEMENTARY                    ,PK-06,0.4788,113,236,236,20115008,20115,0.1071
30500001,2024-25,ARTHUR,ARTHUR COUNTY HIGH SCHOOL,SECONDARY                     ,07-12,*,*,64,64,30500001,30500,0.1491
30500002,2024-25,ARTHUR,ARTHUR COUNTY ELEMENTARY SCHOOL,ELEMENTARY                    ,K -06,*,*,51,51,30500002,30500,0.1491
40001001,2024-25,BANNER,BANNER COUNTY HIGH SCHOOL,SECONDARY                     ,09-12,*,*,37,37,40001001,40001,0.2667
40001002,2024-25,BANNER,BANNER COUNTY ELEMENTARY SCHOOL,ELEMENTARY                    ,PK-05,*,*,66,66,40001002,40001,0.2667
40001003,2024-25,BANNER,BANNER COUNTY MIDDLE SCHOOL,MIDDLE SCHOOL                 ,06-08,*,*,25,25,40001003,40001,0.2667
50071001,2024-25,BLAINE,HIGH SCHOOL AT DUNNING,SECONDARY                     ,07-12,0.4706,16,34,34,50071001,50071,0.2262
50071002,2024-25,BLAINE,ELEMENTARY SCHOOL AT HALSEY,ELEMENTARY                    ,K -06,0.64,32,50,50,50071002,50071,0.2262
60001001,2024-25,BOONE,BOONE CENTRAL HIGH SCHOOL,HIGH SCHOOL                   ,09-12,0.3095,65,210,210,60001001,60001,0.088
60001002,2024-25,BOONE,BOONE CENTRAL ELEM-ALBION,ELEMENTARY                    ,PK-04,0.3401,84,247,247,60001002,60001,0.088
60001004,2024-25,BOONE,BOONE CENTRAL MIDDLE SCHOOL,MIDDLE SCHOOL                 ,05-08,0.4315,63,146,146,60001004,60001,0.088
60017001,2024-25,BOONE,ST EDWARD HIGH SCHOOL,SECONDARY                     ,07-12,0.726,53,73,73,60017001,60017,0.0789
60017002,2024-25,BOONE,ST EDWARD ELEMENTARY SCHOOL,ELEMENTARY                    ,PK-06,0.7229,60,83,83,60017002,60017,0.0789
60075001,2024-25,BOONE,RIVERSIDE HIGH SCHOOL,HIGH SCHOOL                   ,09-12,0.5195,40,77,77,60075001,60075,0.1157
60075002,2024-25,BOONE,RIVERSIDE MIDDLE SCHOOL,MIDDLE SCHOOL                 ,06-08,0.587,27,46,46,60075002,60075,0.1157
60075003,2024-25,BOONE,RIVERSIDE ELEMENTARY - CEDAR RAPIDS,ELEMENTARY                    ,PK-05,0.5244,43,82,82,60075003,60075,0.1157
60075004,2024-25,BOONE,RIVERSIDE ELEMENTARY - SPALDING,ELEMENTARY                    ,PK-05,0.25,12,48,48,60075004,60075,0.1157
70006001,2024-25,BOX BUTTE,ALLIANCE HIGH SCHOOL,HIGH SCHOOL                   ,09-12,0.4678,211,451,451,70006001,70006,0.1981
70006002,2024-25,BOX BUTTE,ALLIANCE MIDDLE SCHOOL,MIDDLE SCHOOL                 ,06-08,0.6054,158,261,261,70006002,70006,0.1981
70006004,2024-25,BOX BUTTE,EMERSON ELEMENTARY SCHOOL,ELEMENTARY                    ,K -02,0.654,155,237,237,70006004,70006,0.1981
70006005,2024-25,BOX BUTTE,GRANDVIEW ELEMENTARY SCHOOL,ELEMENTARY                    ,03-05,0.5442,154,283,283,70006005,70006,0.1981
70006006,2024-25,BOX BUTTE,ALLIANCE EARLY CHILD ED PROG,PREK ONLY                     ,PK-PK,0.5256,41,78,78,70006006,70006,0.1981
70010001,2024-25,BOX BUTTE,HEMINGFORD HIGH SCHOOL,SECONDARY                     ,07-12,0.2471,43,174,174,70010001,70010,0.1274
70010002,2024-25,BOX BUTTE,HEMINGFORD ELEMENTARY SCHOOL,ELEMENTARY                    ,PK-06,0.3206,67,209,209,70010002,70010,0.1274
80051001,2024-25,BOYD,BOYD COUNTY HIGH SCHOOL (SPENCER),HIGH SCHOOL                   ,09-12,0.4742,46,97,97,80051001,80051,0.0753
80051002,2024-25,BOYD,BOYD COUNTY MIDDLE SCHOOL (SPENCER),MIDDLE SCHOOL                 ,05-08,0.5326,49,92,92,80051002,80051,0.0753
80051003,2024-25,BOYD,BOYD COUNTY ELEMENTARY (BUTTE),ELEMENTARY                    ,PK-04,0.4265,29,68,68,80051003,80051,0.0753
80051004,2024-25,BOYD,BOYD COUNTY ELEMENTARY (LYNCH),ELEMENTARY                    ,PK-04,0.6458,31,48,48,80051004,80051,0.0753
90010001,2024-25,BROWN,AINSWORTH HIGH SCHOOL,HIGH SCHOOL                   ,09-12,0.4135,43,104,104,90010001,90010,0.0946
90010002,2024-25,BROWN,AINSWORTH ELEMENTARY SCHOOL,ELEMENTARY                    ,K -04,0.4565,63,138,138,90010002,90010,0.0946
90010003,2024-25,BROWN,AINSWORTH MIDDLE SCHOOL,MIDDLE SCHOOL                 ,05-08,0.3551,38,107,107,90010003,90010,0.0946
90010011,2024-25,BROWN,AINSWORTH LITTLE PAWS PRESCHOOL,PREK ONLY                     ,PK-PK,0.3235,11,34,34,90010011,90010,0.0946
